Anbar
Chernobyl
Galicia
Versailles
Cork
Samandar
Luxembourg
Sela
Heliopolis
Frankfurt
Lauenburg
Alma High School
Fredonia, Arkansas
Beesel
Thorn
Old Bridge, New Jersey
Woodbridge, New Jersey
Winfield, New York
Bath, West Virginia
Womelsdorf, West Virginia
Port Wing, Wisconsin
Sherwood, Wisconsin
Florence, Wisconsin
Friendship, Wisconsin
Waupun, Wisconsin
Pulaski, Wisconsin
Bristol, Kenosha County, Wisconsin
Oneida, Wisconsin
Spring Valley, Wisconsin
Birnamwood, Wisconsin
Jump River, Wisconsin
Mukwonago, Wisconsin
Menasha, Wisconsin
Marshfield, Wood County, Wisconsin
Milladore, Wisconsin
Attica, New York
Adams, Wisconsin
Greenwood, Wisconsin
Marion, Wisconsin
Weston, Wisconsin
Westland, Netherlands
Federal District
Dothan
Deposit, New York
Watertown, Wisconsin
Tong
Herborn
San Ignacio
Namur
Verden
Menden
Castlereagh
Tzintzuntzan
Colophon
Sukhothai
Texcoco
Hynčice
Louisbourg
Mahone Bay
Albion, New York
Albion, Orleans County, New York
Colby, Wisconsin
Loyal, Wisconsin
Newtown, Connecticut
Groton, Connecticut
Wonder Lake, Illinois
Chevy Chase, Maryland
Colonie, New York
Alfred, New York
Almond, New York
Almond, New York
Andover, New York
Angelica, New York
Bolivar, New York
Cuba, New York
Wellsville, New York
Wellsville, New York
Binghamton, New York
Lisle, New York
Lisle, New York
Windsor, New York
Windsor, New York
Allegany, New York
Ellicottville, New York
Franklinville, New York
Little Valley, New York
Olean, New York
Perrysburg, New York
Perrysburg, New York
Portville, New York
Randolph, New York
Randolph, New York
Salamanca, New York
Salamanca, New York
Yorkshire, New York
Cato, New York
Cato, New York
Moravia, New York
Moravia, New York
Cherry Creek, New York
Dunkirk, New York
Sherman, New York
Westfield, New York
Westfield, New York
Big Flats, New York
Elmira, New York
Horseheads, New York
Van Etten, New York
Van Etten, New York
Afton, New York
Bainbridge, New York
Greene, New York
New Berlin, New York
Norwich, New York
Oxford, New York
Sherburne, New York
Smyrna, New York
Smyrna, New York
Altona, New York
Champlain, New York
Champlain, New York
Dannemora, New York
Mooers, New York
Plattsburgh, New York
Plattsburgh, New York
Chatham, New York
Chatham, New York
Germantown, New York
Kinderhook, New York
Kinderhook, New York
Homer, New York
Marathon, New York
Andes, New York
Delhi, New York
Delhi, New York
Franklin, New York
Hancock, New York
Sidney, New York
Stamford, New York
Stamford, New York
Walton, New York
Walton, New York
Amenia, New York
Fishkill, New York
Pawling, New York
Pine Plains, New York
Pleasant Valley, New York
Poughkeepsie, New York
Red Hook, New York
Rhinebeck, New York
Rhinebeck, New York
Alden, New York
Alden, New York
Cheektowaga, New York
Hamburg, New York
Lancaster, New York
North Collins, New York
Orchard Park, New York
Tonawanda, New York
Burke, New York
Burke, New York
Chateaugay, New York
Malone, New York
Broadalbin, New York
Johnstown, New York
Mayfield, New York
Mayfield, New York
Alexander, New York
Alexander, New York
Batavia, New York
Elba, New York
Le Roy, New York
Oakfield, New York
Athens, New York
Athens, New York
Cairo, New York
Catskill, New York
Coxsackie, New York
Greenville, New York
Hunter, New York
Hunter, New York
Frankfort, New York
Frankfort, New York
Herkimer, New York
Herkimer, New York
Little Falls, New York
Newport, New York
Newport, New York
Adams, New York
Antwerp, New York
Brownville, New York
Cape Vincent, New York
Clayton, New York
Ellisburg, New York
Ellisburg, New York
Philadelphia, New York
Theresa, New York
Watertown, New York
Watertown, New York
Croghan, New York
Lowville, New York
Turin, New York
Turin, New York
Avon, New York
Caledonia, New York
Leicester, New York
Leicester, New York
Lima, New York
Lima, New York
Livonia, New York
Mount Morris, New York
Nunda, New York
Cazenovia, New York
DeRuyter, New York
Hamilton, New York
Hamilton, New York
Madison, New York
Madison, New York
Pittsford, New York
Pittsford, New York
Webster, New York
Canajoharie, New York
St. Johnsville, New York
St. Johnsville, New York
Hempstead, New York
Oyster Bay, New York
Lewiston, New York
Lockport, New York
Wilson, New York
Boonville, New York
Bridgewater, New York
Camden, New York
New Hartford, New York
Remsen, New York
Vernon, New York
Vernon, New York
Camillus, New York
Camillus, New York
Elbridge, New York
Elbridge, New York
Fabius, New York
Manlius, New York
Marcellus, New York
Skaneateles, New York
Tully, New York
Canandaigua, New York
Geneva, New York
Manchester, New York
Naples, New York
Naples, New York
Phelps, New York
Victor, New York
Chester, New York
Chester, New York
Goshen, New York
Monroe, New York
Monroe, New York
Montgomery, New York
Montgomery, New York
Newburgh, New York
Newburgh, New York
Warwick, New York
Constantia, New York
Hannibal, New York
Mexico, New York
Mexico, New York
Minetto, New York
Oswego, New York
Parish, New York
Sandy Creek, New York
Cherry Valley, New York
Laurens, New York
Laurens, New York
Milford, New York
Milford, New York
Morris, New York
Morris, New York
Oneonta, New York
Otego, New York
Otego, New York
Unadilla, New York
Nassau, New York
Poestenkill, New York
Schaghticoke, New York
Schaghticoke, New York
Haverstraw, New York
Corinth, New York
Corinth, New York
Galway, New York
Galway, New York
Milton, New York
Stillwater, New York
Waterford, New York
Cobleskill, New York
Cobleskill, New York
Esperance, New York
Esperance, New York
Middleburgh, New York
Richmondville, New York
Schoharie, New York
Lodi, New York
Lodi, New York
Ovid, New York
Ovid, New York
Seneca Falls, New York
Waterloo, New York
Canton, New York
Edwards, New York
Gouverneur, New York
Hammond, New York
Hermon, New York
Massena, New York
Morristown, New York
Morristown, New York
Potsdam, New York
Waddington, New York
Waddington, New York
Addison, New York
Avoca, New York
Bath, New York
Canisteo, New York
Canisteo, New York
Cohocton, New York
Cohocton, New York
Corning, New York
Wayland, New York
Wayland, New York
Babylon, New York
Shelter Island, New York
Southampton, New York
Southampton, New York
Southold, New York
Liberty, New York
Candor, New York
Newark Valley, New York
Nichols, New York
Owego, New York
Spencer, New York
Dryden, New York
Groton, New York
Groton, New York
Ithaca, New York
Lansing, New York
Hurley, New York
Kingston, New York
New Paltz, New York
Plattekill, New York
Saugerties, New York
Lake George, New York
Argyle, New York
Argyle, New York
Cambridge, New York
Fort Ann, New York
Fort Ann, New York
Fort Edward, New York
Fort Edward, New York
Granville, New York
Greenwich, New York
Greenwich, New York
Salem, New York
Whitehall, New York
Lyons, New York
Macedon, New York
Macedon, New York
Palmyra, New York
Sodus, New York
Wolcott, New York
Eastchester, New York
Mamaroneck, New York
Ossining, New York
Pelham, New York
Rye, New York
Rye, New York
Arcade, New York
Castile, New York
Gainesville, New York
Perry, New York
Perry, New York
Pike, New York
Pike, New York
Warsaw, New York
Nashville-Davidson, Tennessee
Manchester, Vermont
Manchester, Vermont
Jericho, Vermont
Jericho, Vermont
Milton, Vermont
St. Albans, Vermont
St. Albans, Vermont
Swanton, Vermont
Swanton, Vermont
Alburgh, Vermont
Alburgh, Vermont
Cambridge, Vermont
Hyde Park, Vermont
Johnson, Vermont
Johnson, Vermont
Bradford, Vermont
Newbury, Vermont
Newbury, Vermont
Albany, Vermont
Barton, Vermont
Newport, Vermont
Poultney, Vermont
Poultney, Vermont
Barre, Vermont
Cabot, Vermont
Marshfield, Vermont
Marshfield, Vermont
Northfield, Vermont
Waterbury, Vermont
Newfane, Vermont
Westminster, Vermont
Westminster, Vermont
Ludlow, Vermont
Ashland, Wisconsin
Almena, Wisconsin
Barron, Wisconsin
Chetek, Wisconsin
Cumberland, Wisconsin
Dallas, Wisconsin
Prairie Farm, Wisconsin
Rice Lake, Wisconsin
Turtle Lake, Wisconsin
Bayfield, Wisconsin
Mason, Wisconsin
Green Bay, Wisconsin
Wrightstown, Wisconsin
Alma, Buffalo County, Wisconsin
Mondovi, Wisconsin
Nelson, Wisconsin
Grantsburg, Wisconsin
Siren, Wisconsin
Brillion, Wisconsin
Chilton, Wisconsin
New Holstein, Wisconsin
Stockbridge, Wisconsin
Bloomer, Wisconsin
Thorp, Wisconsin
Withee, Wisconsin
Arlington, Wisconsin
Columbus, Wisconsin
Lodi, Wisconsin
Randolph, Wisconsin
Wyocena, Wisconsin
Eastman, Wisconsin
Prairie du Chien, Wisconsin
Wauzeka, Wisconsin
Black Earth, Wisconsin
Blue Mounds, Wisconsin
Cottage Grove, Wisconsin
Cross Plains, Wisconsin
Dane, Wisconsin
Deerfield, Dane County, Wisconsin
Madison, Wisconsin
Mazomanie, Wisconsin
Middleton, Wisconsin
Oregon, Wisconsin
Sun Prairie, Wisconsin
Verona, Wisconsin
Windsor, Wisconsin
Beaver Dam, Wisconsin
Clyman, Wisconsin
Fox Lake, Wisconsin
Hustisford, Wisconsin
Lomira, Wisconsin
Lowell, Wisconsin
Theresa, Wisconsin
Egg Harbor
Forestville, Wisconsin
Sturgeon Bay, Wisconsin
Solon Springs, Wisconsin
Superior, Wisconsin
Superior, Wisconsin
Colfax, Wisconsin
Elk Mound, Wisconsin
Menomonie, Wisconsin
Fairchild, Wisconsin
Fond du Lac, Wisconsin
Oakfield, Wisconsin
Ripon, Wisconsin
Rosendale, Wisconsin
Crandon, Wisconsin
Bloomington, Wisconsin
Boscobel, Wisconsin
Cassville, Wisconsin
Fennimore, Wisconsin
Hazel Green, Wisconsin
Mount Hope, Wisconsin
Muscoda, Wisconsin
Patch Grove, Wisconsin
Platteville, Wisconsin
Potosi, Wisconsin
Woodman, Wisconsin
New Glarus, Wisconsin
Green Lake, Wisconsin
Marquette, Wisconsin
Princeton, Wisconsin
Arena, Wisconsin
Dodgeville, Wisconsin
Linden, Wisconsin
Mineral Point, Wisconsin
Ridgeway, Wisconsin
Hixton, Wisconsin
Melrose, Wisconsin
Lake Mills, Wisconsin
Palmyra, Wisconsin
Sullivan, Wisconsin
Necedah, Wisconsin
Wonewoc, Wisconsin
Casco, Wisconsin
Luxemburg, Wisconsin
Bangor, Wisconsin
Onalaska, Wisconsin
Argyle, Wisconsin
Belmont, Wisconsin
Benton, Wisconsin
Darlington, Wisconsin
Gratiot, Wisconsin
Shullsburg, Wisconsin
Antigo, Wisconsin
Merrill, Wisconsin
Tomahawk, Wisconsin
Manitowoc, Wisconsin
Mishicot, Wisconsin
Two Rivers, Wisconsin
Elderon, Wisconsin
Mosinee, Wisconsin
Rib Mountain, Wisconsin
Spencer, Wisconsin
Wausau, Wisconsin
Weston, Marathon County, Wisconsin
Niagara, Wisconsin
Peshtigo, Wisconsin
Pound, Wisconsin
Wausaukee, Wisconsin
Montello, Wisconsin
Neshkoro, Wisconsin
Oxford, Wisconsin
Oakdale, Wisconsin
Sparta, Wisconsin
Tomah, Wisconsin
Wilton, Wisconsin
Gillett, Wisconsin
Lena, Wisconsin
Oconto, Wisconsin
Oconto Falls, Wisconsin
Black Creek, Wisconsin
Kaukauna, Wisconsin
Belgium, Wisconsin
Cedarburg, Wisconsin
Fredonia, Wisconsin
Grafton, Wisconsin
Port Washington, Wisconsin
Saukville, Wisconsin
Durand, Wisconsin
Pepin, Wisconsin
Stockholm, Wisconsin
Ellsworth, Wisconsin
Maiden Rock, Wisconsin
River Falls, Wisconsin
Balsam Lake, Wisconsin
Clayton, Wisconsin
Clayton, Wisconsin
Clear Lake, Wisconsin
Luck, Wisconsin
Milltown, Wisconsin
St. Croix Falls, Wisconsin
Almond, Wisconsin
Amherst, Wisconsin
Plover, Wisconsin
Catawba, Wisconsin
Kennan, Wisconsin
Prentice, Wisconsin
Burlington, Wisconsin
Waterford, Wisconsin
Beloit, Wisconsin
Clinton, Rock County, Wisconsin
Clinton, Rock County, Wisconsin
Janesville, Wisconsin
Hawkins, Wisconsin
Baraboo, Wisconsin
Ironton, Wisconsin
La Valle, Wisconsin
Merrimac, Wisconsin
Prairie du Sac, Wisconsin
Reedsburg, Wisconsin
Spring Green, Wisconsin
Couderay, Wisconsin
Hayward, Wisconsin
Radisson, Wisconsin
Winter, Wisconsin
Aniwa, Wisconsin
Wittenberg, Wisconsin
Sheboygan, Wisconsin
Sheboygan Falls, Wisconsin
Baldwin, Wisconsin
Hammond, Wisconsin
Hudson, Wisconsin
Somerset, Wisconsin
Star Prairie, Wisconsin
Medford, Wisconsin
Rib Lake, Wisconsin
Arcadia, Wisconsin
Ettrick, Wisconsin
Trempealeau, Wisconsin
Genoa, Wisconsin
Hillsboro, Wisconsin
Viroqua, Wisconsin
Lac du Flambeau, Wisconsin
Darien, Wisconsin
Delavan, Wisconsin
East Troy, Wisconsin
Walworth, Wisconsin
Birchwood, Wisconsin
Minong, Wisconsin
Spooner, Wisconsin
Jackson, Wisconsin
Kewaskum, Wisconsin
West Bend, Wisconsin
Brookfield, Wisconsin
Delafield, Wisconsin
Eagle, Wisconsin
Merton, Wisconsin
Oconomowoc, Wisconsin
Pewaukee, Wisconsin
Waukesha, Wisconsin
Iola, Wisconsin
Scandinavia, Wisconsin
Waupaca, Wisconsin
Weyauwega, Wisconsin
Coloma, Wisconsin
Hancock, Wisconsin
Plainfield, Wisconsin
Wautoma, Wisconsin
Neenah, Wisconsin
Omro, Wisconsin
Winneconne, Wisconsin
Arpin, Wisconsin
Auburndale, Wisconsin
Port Edwards, Wisconsin
Rudolph, Wisconsin
Lake George, New York
Owego, New York
Central Coast
Spencer, New York
Pechenga, Murmansk Oblast
Hamburg, New York
Peniche
Pag
Köthen
Ossining, New York
Coxsackie, New York
Appenzell
Langley, British Columbia
Misato, Saitama
Livonia, New York
Avon, New York
Reichelsheim
Goshen, New York
Bel-Air
Alfred, New York
Rutland, Vermont
Egmond
Oshkosh, Wisconsin
Mithila
Bedford, New York
Wedding
Kangwon Province
Afton, New York
Greene, New York
New Berlin, New York
Norwich, New York
Sherburne, New York
Mühldorf
Maghazi
Barnstable, Massachusetts
Franklinville, New York
Ayutthaya
Whitehall, New York
Katyn
Lockport, New York
Alvarado
Ruwer
Riverdale
Wenden
Beja
Babylon, New York
Canandaigua, New York
Java
Aira, Kagoshima
Kitagō, Miyazaki
Nangō, Miyazaki
Kunisaki, Ōita
Alexandrov
Corning, New York
Asahi, Yamagata
Asahi, Yamagata
Azuma, Gunma
Azuma, Gunma
Bergen, New York
Le Roy, New York
Oakfield, New York
Little Valley, New York
Allegany, New York
Ellicottville, New York
Orchard Park, New York
Lancaster, New York
Tonawanda, New York
Tosa, Kōchi
Wolcott, New York
Arcade, New York
Warsaw, New York
Attica, New York
Castile, New York
Gainesville, New York
Mount Morris, New York
Eschersheim
Fuchū, Hiroshima
Addison, New York
Avoca, New York
Bath, New York
Sukhothai
Hyde Park, Vermont
Andover, New York
Bolivar, New York
Oberursel
Canton, New York
Cuba, New York
Lamia
Oliveira de Azeméis
Yoshii, Okayama
Yoshii, Okayama
Kawakami, Okayama
Kawakami, Okayama
Ludlow, Vermont
Chonburi
Portage, New York
Ponta Delgada
Brühl
Ticonderoga, New York
Elizabethtown, New York
Bajram Curri
Riverhead, New York
Liberty, New York
Mamaroneck, New York
Russell, Ontario
Biebrich
Iga, Mie
Shima, Mie
Malone, New York
Ariel
Shirakawa, Gifu
Shiloh
Matsukawa, Nagano
Kiso, Nagano
Uenohara, Yamanashi
Sudbury
Machelen
Johnstown, New York
Morumbi
Hempstead, New York
Dungeness
Kittanning
Kaliště
Ai
North Collins, New York
Manchester, New York
Gotse Delchev
Xiangyang
Weingarten
Salem, New York
La Paz Department
Couto
East Hampton, New York
Bolívar Province
Santa Rosa Department
Couto
Shirakawa, Gifu
Batu
Aken
Maia
Odivelas
Barre, Vermont
Newport, Vermont
Lake Pleasant, New York
Hartola
Pargas
Choibalsan
Darkhan
North Vancouver
Vis
Jijoca de Jericoacoara
Patara
Reichelsheim
Reisbach
Eastside
Satara
Echizen, Fukui
Myōkō, Niigata
South Shore
Ogawa, Ibaraki
Motomiya, Fukushima
Eden, Wisconsin
Jefferson, Wisconsin
Avilés
Endor
Sodus, New York
Karlsbad
Seymour, Wisconsin
Seneca Falls, New York
Ōshima, Nagasaki
Ōshima, Nagasaki
Takashima, Nagasaki
Theresa, New York
Kladruby
Tweed, Ontario
Nassau, New York
Sarai
Hisar
Massena, New York
Sidney, New York
Bernterode
Bernterode
Sanjan
Boura
Jamay
Vila do Porto
Fairview, Alberta
Stradella
Remsen, New York
Moree
Powell River
Attersee
Mondsee
Enns
Unadilla, New York
Magasa
East Hampton, New York
Sura
Bastardo
North Vancouver
Santa Cruz da Graciosa
Velas
Calheta
Queluz
Santo Antão
Vila do Corvo
Santa Cruz das Flores
Lake Tekapo
Lamba
Cedros
Lajes das Flores
Horta
Castelo Branco
Cedros
Conceição
Feteira
Matriz
Ribeirinha
Madalena
Mohelnice
São Roque do Pico
Schönbrunn
Bedford, Quebec
Schönbrunn
Chersonesus
Lajes do Pico
Segura
San Andrés Tuxtla
Modlin
Gali
Neustadt
Madoc, Ontario
Radomir
Mataram
Auerbach
Reichenbach
Hägersten
Delia
Platón Sánchez
Arar
Briesen
Sisaket
Gzhel
Tak
Catskill, New York
Bridgewater, New York
Richmondville, New York
Nunda, New York
Newark Valley, New York
Naumburg
Nysa
Broadalbin, New York
Dannemora, New York
Croghan, New York
Gouverneur, New York
Horseheads, New York
Portville, New York
Chateaugay, New York
Benfica
Holice
Canajoharie, New York
Deposit, New York
Bühl
Prodromos
Ibarra
Mooi River
Mount Wilson
Langley, British Columbia
Lunenburg, Nova Scotia
Anadyr
São José
Esashi, Hokkaidō
Monbetsu, Hokkaidō
Sonmiani
Lagoa
Mörön
Ribeira Grande
Engels
Sugar Loaf
Shirvan
Nakhchivan
Ocean View
Vila Franca do Campo
Turkistan
Povoação
Sampa
Nordeste
Tiverton, Rhode Island
Neuenkirchen
Higüey
South Creek
Boonville, New York
Gus-Khrustalny
Banten
Nepean
São Vicente
São Filipe, Cape Verde
Santa Maria de Belém
Kushiro, Hokkaidō
Auvergne
Esashi, Hokkaidō
Johannisberg
Misato, Saitama
Shadwell
Adamov
Orchomenus
Griesheim
La Chaux
Homer, New York
Homberg
Shibetsu, Hokkaidō
Dunkelsteinerwald
Santo António
New Westminster
Apollonia
Khovd
Tuzla
Nuneaton
Liberdade
Hammersmith and Fulham
Eagle River
Al-Qa'im
Alfredo Baquerizo Moreno
Iranshahr
Kami, Hyōgo
Zdětín
Barahona
Castillo
Tupper Lake, New York
Tupper Lake, New York
Korsakov
Santo André
Bandundu
Veles
Hochelaga
Erma Reka
Granby, Quebec
Zdětín
Denklingen
Serov
Soba
Tuckahoe, New York
Forst
Hvar
Serravalle
Pegnitz
Koznitsa
Sanjan
Point Pleasant
Westerbork
Staré Město
Lech
Treen
Kashin
Brownville, New York
Cirilo Guainora, Embera
Santo Domingo Canton
Saint Paul Island
Middleburgh, New York
Vengara
Forbach
Bockenheim
Sherman, New York
Stolberg
Pondicherry
Forst
Taber, Alberta
Heiligenstadt
Szabolcs
Oberhausen
Chandwa
Layla
Jump River, Wisconsin
Katif
Nord-Vest
Nord-Est
Sud-Vest
Sud-Est
Sud
Vest
Centru
Otavalo
Monsaraz
Cambridge, New York
Waterloo, New York
Javorník
Sokolov
Chodov
Višňová
Pertoltice
Hejnice
Bílý Potok
Moravany
Choltice
Ronche
Ba
Netzarim
Wallbach
Reisbach
El Seibo
Hòa Bình
Dmitriyev
Agroha
Lixus
Tubu
Pennard
Gauḍa
Agora
Bulgan
Rhodes
Wettringen
Durobrivae
Borovany
Nové Hrady
Barchov
Barchov
Borek
Borek
Bezděkov
Brloh
Břehy
Radhošť
Jaroslav
Dolany
Village
Hostovice
Vítkov
Zdechovice
Zdechovice
Herzberg
Lány
Salavan
Schwarzburg
Zell
Parage
Pobeda
Sarona
Leimen
Shamokin
Mamuju
Hartford, Vermont
Franklin, New York
Vancouver, Washington
Lübben
Sychrov
Ajman
Nerur
Beizama
Sudice
Rohov
Chuchelná
Bělá
Bohuslavice
Píšť
Kozmice
Závada
Vřesina
Resen
Tirupati
Ahlbeck
Centre Region
Est Region
Nord Region
Baztan
Cricova
Esparza
Noáin – Noain
Getaria
Macas
Rheinfelden
Dragovo
Manjoor
Kalenić
Morag
Bagodar
Aleksa Šantić
Cercado Province
Brčko
L'Épiphanie, Quebec
Welburn
Welburn
Milíře
Issus
Château-Chinon
Wetter
Písek
Bukovec
Milíkov
Milíkov
Písečná
Hrádek
Dobrá
Pržno
Le Mont-Dore
Le Mont-Dore
Lužice
Mutěnice
Lubná
Lužná
Olešná
Lišany
Lašovice
Březno
Černovice
Málkov
Staré Město
Husinec
Husinec
Těšovice
Biskoupky
Little Falls, New York
Andes, New York
Barugh
Biggin
Brühl
Treytorrens
Babushkin
Ein Harod
Wola
Bucharest-Ilfov
Warrensburg, New York
Shelburne, Nova Scotia
Boka
Mol
Belmont
Jvari
Chrast
Luže
Prosetín
Kozlovice
Cabinda
Međa
Skjold
Pandosia
Rotterdam, New York
Gandra
Port Charles
Planá
Vystrkov
Bystrá
Pasni
Tynaarlo
Komárov
Kunratice
Záluží
Praskolesy
Lakewood, New Jersey
Sa'ad
Bor
Merton
Záhoří
Zakynthos
Corfu
Wiesenbach
Pavlov
Veselí
Vápno
Valy
Urbanice
Turkovice
Hrobice
Choteč
Jankovice
Jeníkovice
Chlumčany
Mikulovice
Morašice
Khull
Fritton
Marathon, New York
Julfa, Azerbaijan
Champasak
Aenus
Amstetten
Chatsworth, Ontario
Hranice
La Vega
Monte Cristi
Němčice
Neratov
Přepychy
Rohoznice
Inning
Sasbach
Lauf
Rheinau
Eastnor
Shoreditch
Oberkirch
Forst
Kronau
Chios
Uxpanapa
Slav
Leninsk-Kuznetsky
Zaysan
Gorbatov
Camptown
Athani
Bergen Township, New Jersey
Antigonia
Sovolusky
Svojšice
Trnávka
Biskupice
Seč
Bořice
Bylany
Nasavrky
Hodonín
Dřenice
Hamry
Hluboká
Horka
Jeníkov
Jenišovice
Lorch
Selters
Březnice
Lety
Hodonín
Blankenburg
Farasan
Kluky
Ipiranga
Kladno
Kněžice
Krásné
Proseč
Quaker Hill Historic District
Horn
Sázava
Ondřejov
Křižanovice
La Calle
Clayton, New York
Shrigley
Langenberg
Kampong Cham
Puerto Plata
Elst
Lány
Leština
Leštinka
Libkov
Isfjorden
Gürpınar, Van
Keban, Elazığ
Muradiye, Van
Pınarbaşı, Kastamonu
Kirillov
Hennef
Gopalganj
Sot
Lug
Weissensee
Černá Hora
Pawling, New York
Mislinja
Hamm
Same
Stromberg
Bela Vista
Cleonae
Stratonicea
Oudesluis
Stratonicea
Petrovsk-Zabaykalsky
Pinecraft
Asbach
Altrincham
Loreley
Sögel
Werlte
Dörpen
Lathen
Tsetserleg
Herzlake
Athi River
Seleucia
Al-Qādisiyyah
Seleucia
Abila
Sabugal
West Central
Sơn Tây
Vilovo
Lok
Apamea
Apamea
White's Fort
Blažov
Dalsfjord
Neunkirchen
Karimabad
Alkimos
Lagoa Municipality
Okulovka, Novgorod Oblast
Gurk
Kampot
Lajoux
Immanuel
Monterrey
Hluchov
Heliopolis
Willow Vale, New South Wales
Sé
Pinheiros
Mooca
Butantã
Lapa
Vila Mariana
Ivanovo
Rakovski
Winsen
Dannenberg
Parelheiros
Greece, New York
Bale
Eberbach
Garz
Dryden, New York
Werder
Katiola
Lansing, New York
Westeinde
Vledderveen
Oranje
Nooitgedacht
Vries
Oudemolen
Elaea
Usedom
Mission Bay
Bergen Township, New Jersey
Santo Amaro
Jaçanã
Frauendorf
Wiesen
Ash
Alesia
Maasdijk
Damme
Jati Umra
Luckau
Taufkirchen
Oenus
Tripolis
Doliche
Barrington, Nova Scotia
Menace
Saray, Van
Bahçesaray, Van
Çaldıran, Van
Çatak, Van
Askar
Lafayette metropolitan area
Taranga
Anju
Balashov
Sector 1
Sector 4
Sector 5
Sector 3
Sector 2
Sector 6
Lindau
Omurtag
Ma On Shan
Mao
Puttabong Tea Estate
Cragus
Penha
Weimar
Digor, Kars
Selim, Kars
Vysoké Tatry
Kokot
Zima
Zaqatala
Radonice
Sangan
Hohe Börde
Milwaukee, Wisconsin
Kubrat
Serdar
Corso Italia
Jessen
Acquaviva
São Miguel das Missões
Vila do Porto
Dorna
Elster
Stolberg
Sanad
Hořice
Choteč
Osterburg
Werben
Lipovec
Lukavice
Wolin
Neustadt
Arsinoe
Arsinoe
Waldheim
Arsinoe
Selbitz
Arsinoe
Kirrberg
Wartenburg
Shimanto, Kōchi
Shimanto, Kōchi
Vacov
Miřetice
Galway
Mladoňovice
Mrákotín
Nové Hrady
Orel
Ostrov
Otradov
Camden, New York
Crompton
Azzano
Zemplín
Kostenets
Putina
Přestavlky
Raná
Rosice
Studnice
Svídnice
Panchkula
Svratka
Tisovec
Pindus
Sajan
Vinary
Vojtěchov
Vysočina
Zaječice
Zderaz
Changey
Albrechtice
Bučina
Yarmouth, Nova Scotia
Králíky
Lycopolis
Žampach
Monticelli
Santo Domingo
Apis
Athribis
Birkenau
Waren
DeRuyter, New York
Philadelphia, New York
Lowville, New York
Fabius, New York
Kaman, Kırşehir
Leuth
Kivesjärvi
Schoharie, New York
Caledonia, New York
Phelps, New York
Hirschhorn
Gemünden
Friesenheim
Rosh HaNikra
Homberg
Lev Tolstoy
Nichols, New York
Hancock, New York
Paris, Wisconsin
Birkenfeld
Steinbach
Antwerp, New York
Bosut
Air Force Area
Oukoop
Balagoda
Barbari
Chiloda
Chitrakoot Dham
Arrifana
Stanstead, Quebec
Hatley, Quebec
Hatley, Quebec
Shilka
Bludov
Estelle
Heights Community Council
Kirishima, Kagoshima
Padre Las Casas
Benta
Kuang
Mauer
Jagdishpur
Jawaharnagar
Jemari
Kanam
Kangrali
Kangrali
Kanhan
Kasipalayam
Kaveripattinam
Kelhauri
Khand
Lilong
Lilong
Munderi
Nowrozabad
Andal
Orathanadu
Pudur
Raghunathpur
Raghunathpur
Rajgurunagar
Ramachandrapuram
Rewari
Shivatkar
Shrirampur(Rural)
Socorro
Sonegaon
Srisailam Project Township
Fiães
Guisande
Tirupati
Torban
Vanvadi
Vijayapuri
Roshal
Lourosa
Rio Tinto
Mozelos
Rutland, Vermont
Sanfins
Vale
Gemünden
Galata
Lyons, New York
Ölgii
Popovice
Schönau
Atalanta
Pêra
Velden
Beinwil
Cree
North Coast
Lyuban, Leningrad Oblast
Santana
Karađorđevo
Mambaram
Georgios Karaiskakis
Ilansky
Kola
Jindřichov
Philippsthal
Ince
Movri
Tully, New York
Edwards, New York
Callicoon, New York
Hermon, New York
Norfolk, New York
Theodoros Ziakas
Sigil
Nikos Kazantzakis
Acheloos
Ion Dragoumis
Nagari
Jizerka
Dimitrios Ypsilantis
Abaza
Padula
Phuket
Shipka
Gemer
Andělská Hora
Beluj
Sorong
Kriváň
Rad
Marshfield, Wisconsin
Kiso, Nagano
Kunice
Arabkir
Otero
Bítov
Casa Loma
Adamov
Adamov
Woodhouse, Leicestershire
Albrechtice
Sant Joan de Labritja
Dantan I
Selfoss
Lieser
Desná
Andělská Hora
Kyjov
Bengkulu
Gorontalo
Highland, Wisconsin
Zubří
Kunovice
Ostrov
Zubří
Džbánov
Hejnice
Horní Heřmanice
Horní Heřmanice
Babice
Laga
Kratié
Kampong Thom
Prey Veng
Svay Rieng
Kampong Chhnang
Kampong Speu
Valva
Colares
Hrádek
Javorník
Domodedovo
Nonthaburi
Echo, Texas
Lužany
Berea
Siris
Moridunum
Pandosia
Buendía
Sabata
Shalimar Bagh
Meliti
Vardousia
Parnassos
Mount Ta
Babice
Babice
Říčany
Babice
Babice
Babice
Zborov
Baranivka
Druzhba
Šlapanice
Babylon
Mykolaivka
Hirnyk
Shchors
Branchville
Kosice
Prato
Guysborough, Nova Scotia
Vira
Gerra
Gerra
Ta Khmao
Cantagallo
Goraul
Jhunjhunu
Acayucan
Born
Brusyliv
Ordubad
Collevecchio
Rosenberg
Zwingenberg
Gudalur
Chiapa de Corzo
Kristy
Mohanpur
Nayagram
Daspur I
Ramnagar I
Keshiari
Wesendorf
Meinersen
Isenbüttel
Brome
Asola
Northwood High School
Asha
Coulport
Bačka
Aleksandrovo
Brezina
Beli Potok
Resavica
Zlatibor
Ratkovo
Don Gregorio
Azua
Mouresi
Kuzmin
Ribnica
Vrbica
Cobb Island
Barice
Furna
Lokve
Kupinik
Au
Crna Bara
Orom
Kilju
Beiersdorf
Cortendorf
Creidlitz
Altenberg
Dubovac
Gaj
Lauterach
Grdelica
Belo Polje
Markovac
Hemmingford, Quebec
Sakai, Fukui
Mykland
Warwick, Virginia
Konak
Klek
Klisura
Lazareto
Sükhbaatar
Givat Haim
Givat Haim
Santiago Tuxtla
Veleia
Margita
Plast
Amapá
Sutjeska
Northfield
Orang
Kumho
Ichon
Kosan
Bishnupur
Salair
Medel
Chonchon
Straža
Mad
Sap
Certosa di Pavia
Novo Selo
Wong Chuk Yeung
Told
Kasba
Balmoral, New South Wales
Furna
Velebit
Hankensbüttel
Ajak
First Presbyterian Church
Sindo
Taki
Vaisala
Neiafu
Uszka
Kusić
Kruščica
Jasenovo
Petřvald
Penrose, New South Wales
Székely
Selibice
Elin Pelin
Novoanninsky
Consolação
Bystřice
Pap
Kinvara
Višnjevac
Smilovice
Duklja
Bogdanovich
Lipany
Gowkthrapple
Střítež
Paradise Valley
Enfield
Svetozar Miletić
Ozerne
Southern Expressway
Tatuapé
Campeche
Žarkovac
Leselidze
Hussainabad
Životice
Padina
Toba
Guty
Torak
Torda
Dobrodol
Santa Luzia
Dikson
Montfort
Ocean Park
Trpín
Lovozero
Marion Bridge
Salanpur
Pandabeswar
Faridpur-Durgapur
Barabani
Nallur
Ostia
Bokaro
Richmond
Pallasovka
Mango
Santa Barbara
Chimaltitán
Gubkinsky
Dalovice
Erp
Elwood City
West Island, Cocos Islands
Hortelã, Cape Verde
Popůvky
Konská
Balkhash
Sabaneta
Dublje
Yefremov
Mejia
Preguiça, Cape Verde
Puerto Rico
Indpur
Westend
Djibouti
Gurdaspur
Perdizes
Kanam
Derventio
Gangajalghati
Galsi II
Hanskhali
Rawa
Mediolanum
Louky
Geldermalsen
Bhatar
Jamalpur
Raina I
Khandaghosh
Rajapura
Armori
Hérens
Hemmingford, Quebec
Balagarh
Ausgram I
Sayram
El Maris
Laren
Manteswar
Pedro Vaz, Cape Verde
Avesta
Amga
Naxos
Vogtei
Neuhaus
Kant
Pedro Vaz, Cape Verde
Nolde
Noordwijk
Beylagan
Baška
Acanthus
Acanthus
Orchomenus
Sybaris
Tarana
Artur Alvim
Blanda
Caerwedros
Kaddam
Stod
The Citadella
Community settlement
Staňkov
Všeruby
Buenos Aires
Samraong
Koh Kong
Ad Turres
Ad Turres
Ad Turres
Srikakulam Road
Visakhapatnam
Planá
Dobřany
Cyme
Hanle
Wain
Jettingen
Reute
Rheinhausen
Neuhausen
Eschenbach
Schlierbach
Wangen
Wieden
Gutach
Rosenberg
Westhausen
Bietigheim
Grafenberg
Hohenstein
St. Johann
Laudenbach
Malsch
Mühlhausen
Wiesenbach
Fichtenberg
Talwara
Wutach
Westendorf
Hossa
Lipovica
Ramban
Vaishali
Röthenbach
Ivanpah, California
Taufkirchen
Mount Crawford
Ajil
Saraj
Velden
Demir Hisar
Ilinden
Digby, Nova Scotia
St. Mary's Islands
Santa Maria degli Angeli
Bom Retiro
Ciudad Colonial
Wald
Westendorf
Bad Griesbach
San Giacomo
Hahnenkamm
Nagel
Brüggen
Altheim
Altheim
Bernstadt
Gruža
Karlin
Mavrovo
Chima
Naxos
Real
Port Orange, New York
Eryx
Dumlupınar, Kütahya
Živa
Halifax
Nußdorf
Bore
Tirupati
Cregmore
Garzón
Pella
Raman, Punjab
Give
Lindau
Surjan
Crna Bara
Gram
Lake County Airport
Ramoth
Wayne County Airport
Shankarpalli
Stein
Karađorđevo
Mali Beograd
Inari
Miel
Lengefeld
Gorakhpur
Siget
Moinabad
Líšná
Olšany
Chersonesos
Chersonesos
Maddikera
Selters
Kakinada(Rural)
Rajahmundry(Rural)
Karapınar
Žarkovac
Senggarang
Virpur
Cres
Castelbuono
Arka
Ocean Beach
Bodrog
Lhatse
Teleki
Zala
Osek
Mutharam
Mutharam
Ghanpur
Ghanpur
Ortenburg
Sükhbaatar
Chiemsee
Yellow Rock, New South Wales
Irvine Police Department
Castelseprio
Hartmanice
Grünheide
Fares
Beetzsee
Schwielowsee
Briesen
Burg
Werben
Garz
Kesten
Hallgarten
Fairview, North Carolina
Riverstown
Breitscheid
Hausen
Heimbach
Vrbice
Záblatí
Závada
Tani
Sierra de La Ventana
Lazy
Poruba
Sachsenhausen
Müden
Oldendorf
Hassel
Schönburg
Champagne
Altstadt
District 2
Araca
Písečná
Navarra
Jalaun
Industriequartier
District 6
Kurta
Vliet
De Kooy
Rama
Perambra
Lichtenberg
Neukirch
Forst
Forst
Müden
Barva
Curridabat
Carrillo
Daaden
Němčice
Quesada
Vojka
Saint-Célestin, Quebec
Prusice
Ovčáry
Skiathos
Hynčice
Skopelos
Naxos
Polerady
Motomiya, Fukushima
Kraljevci
Mesić
Obornjača
Obornjača
Utrine
Doline
Novo Selo
Rabe
Gornji Breg
Bogaraš
Bogaraš
La Barca
Sedlec
Nová Ves
Kojetice
Hagere Selam
Brooklyn, Wisconsin
Naurath
Naurath
Hasnabad
Sevenig
Pohořelice
Lagan
Hoštice
Damm
Papendorf
Warnow
Frías
Bangru
Villalobos
Sedliště
Cona
Lac du Flambeau, Wisconsin
Meco
Bílá
Wilmshagen
Taklung
Lüssow
Göhren
Ummanz
Dinggyê
Gager
Lindstedt
Maupiti
Apollonia
Apollonia
Apollonia
Apollonia
Apollonia
Nêdong
Rinbung
Gyirong
Apollonia
Korra
Lhazê
Mêdog
Xagar
Zayü
Sagres
Korčula
Mongalkote
Norddeich
Murarai I
Doubek
Central Plain
Plastun
Kampen
Langenhorn
Krk
Basanti
Rab
Chapra, Nadia
Nakashipara
Monte Gordo
Alpine, Colorado
Kaulsdorf
Schmiedefeld
Kangnam
Karaitivu
Kalladi
Isla
Volujac
Ravni
Raduša
Kharkhoda
Rudník
Bernartice
Čermná
Bystré
Javorník
Osek
Lužany
Pirituba
St. Margarets Bay, Nova Scotia
Salamina
Nové Město
Kingsdown
Borovnice
Jeníkovice
Ein Harod
Lovčice
Těchlovice
Urbanice
Kunčice
Hvozdnice
Ledce
Lužany
Hostomice
Morašice
Novaci
Bystřice
Crystal Park
Aida
Hartmanice
Hluk
Goychay
Hostouň
Hrádek
Hranice
Janov
Krásno
Bure, Ethiopia
Lom
Luby
Milovice
Miroslav
Nové Sedlo
Nové Sedlo
Olešnice
Centerville, Virginia
Windsor, Wisconsin
Hebron, Wisconsin
Ixonia, Wisconsin
Rib Mountain, Wisconsin
Chaetae
Bifröst
Tholen
Algés
Nocatee
Ralsko
Altus
Aenea
Krasnokamianka
La Désirade
Vojkovice
Morávka
Krásná
Staré Město
Rudná
Staré Město
Strážov
Kaňovice
Lučina
Švihov
Serra
Portage / Ogden Dunes
Lansdowne, New South Wales
Bat Trang
District 7
District 10
District 11
Seen
Karlsøya
Veltheim
Stadt
Perseis
Seymour, Wisconsin
Wykagyl
Gruzinsky
Casella
Themiscyra
Darband
Korman
Etna, Nevada
Zandvoorde
Al-Arroub
Duisburg
Aujac
Tejupilco
Auerbach
Kweneng
Santa Gertrudis
Kasak
Muddy River
Château-Chinon
Abano
Fairfield Beach
Oplot
Tlacotalpan
Matsukawa, Nagano
Vila Maria
Pavlov
Sharjah
Juma
Plateaux Department
Salmi
Hussein Dey
Mohammedia
Chorfa
Chhatna
Al-Shati
Satpayev
Gabra
Petone
Avan
Wadi Shi
Tradition
Paradise
Holy Family Catholic Church
Kumari
Kumari
Kumarlar
Harpina
Kumarli
Kumarli
Borne
Zentsūji, Kagawa
Lípa
Podborek
Goygol
Podborek
Villa Hidalgo, Chiapas
Bedford, Quebec
Itaim Paulista
Katovice
Březina
Katze
Porches
Villa Hidalgo, Chiapas
Valcourt
Fairview Cemetery
Sangha Department
Cep
Meti, Ethiopia
Gezer
Daribiti
Attoor
Živinice
Badinogo
Daribiti
Badinogo
Barkam
Tanguen
Watrous
Galagedara
Galagedara
Al Ubaidi
Galagedara
Galagedara
Dasht
Bernartice
Galagedara
Kurukshetra
Tanguen
Galagedara
Tasov
Al Waleed
Altura
Ferik
Doksy
Erebuni
Zovashen, Ararat
Aragatsotn
Dzorashen
Bovan
Tatev
Qajaran
Nuseirat
Godin
Talin
Ararat, Armenia
Spitak
Zovashen, Ararat
Deir 'Ammar
Ditak
Martuni
Bacar
Masis
Syunik
Arrajadzor
Dor
Armavir
Sanford, Maine
Merhavia
Dvin
Uher
Krásný Les
Avan
Tartar
Gazakh
Nemea
Zaścianki
Qiyaməddinli
Imishli
Iskar
Zaścianki
Kövüzbulaq
Desaguadero
Qaradağlı, Tartar
Kövüzbulaq
Əhmədli, Dashkasan
Hasanriz
Zavet
Gitit
Təzəkənd, Bilasuvar
Qobustan
Sarıcalı, Tartar
Varbitsa
Qusar
Goranboy
Papayenga
Berdavan, Armenia
Tervel
Qiyaməddinli
Heyvali
Atapuerca
Boko
Qiyaslı, Qubadli
Təzəkənd, Jalilabad
Aghdara
Hartford, Wisconsin
Qarabucaq
Samuil
Sabirabad
Saatlı
Qiyaslı, Qubadli
Qakh
Agsu
Serwitut
Ilala
Çiyni, Ujar
Çullu, Agdam
Kati
Noragyukh
Shengavit
Kentron
Jacobs River
Khojali
Tripurasundari
Təzəkənd, Bilasuvar
Mahuwa
Ağdam, Khojavend
Bozalqanlı
Təzəkənd, Jalilabad
Ağbulaq, Khojavend
Bozalqanlı
Chanika
Zahájí
Badakənd
Byki
Zardab
Ağalıkənd
Badakənd
Khojavend
Cülyan
Kipawa
Badamağac
Askeran
Qirmizi Bazar
Aşağı Cürəli
Serwitut
Khachmaz
Bist
Biləsuvar
Hadrut
Əhmədli, Dashkasan
Virpur
Çiyni, Ujar
Macchia
Dhabouli
Amankənd
Badamağac
Karakend
Tarryall, Colorado
Cülyan
Babek
Pec
Əliabad, Lerik
Əliabad, Lerik
Qazaxlar, Barda
Taycheedah, Wisconsin
Şıxlar, Masally
Qazaxlar, Barda
Hacallı, Barda
Təzəkənd, Tartar
Təzəkənd, Tartar
Hacallı, Barda
Sarıcalı, Tartar
Şıxlar, Masally
Dəmirçilər, Qazakh
Dəmirçilər, Qazakh
Qaradağlı, Tartar
Cəfərli, Jalilabad
Məşədilər, Tovuz
Məşədilər, Tovuz
Madara
Elsloo
Altura
Fana
Cəfərli, Jalilabad
Laona, Wisconsin
Batu Pahat
Podgórze
Pörhölä
Kamenica
Lies
Michalin
Michalin
Římov
Tampico Alto
Laxmi Nagar
Castillo de Teayo
Huayacocotla
Masallı
Tantoyuca
Camarón de Tejeda
Pueblo Viejo
Parsa
Karyai
Dětřichov
Gauri Sankar
Chalma
Tamayo
Ozuluama de Mascareñas
Kamchia
Chiconamel
Tempoal
Abdoun
Cerro Azul
El Higo
Pipra
Mollalar, Barda
Mishni, Kalbajar
Hacılı, Jabrayil
Mollalar, Agdam
Mishni, Kalbajar
HLM
Pipra
Muhovo
Mishni, Kalbajar
Mollalar, Barda
Laxmipur
Patte d'Oie
Qışlaq, Lachin
Hacılı, Jabrayil
Mollalar, Agdam
Marozva
Bukovany
Krn
Kyaukmyaung
Jammu
Marozva
Muğanlı, Zangilan
Kokra
Muğanlı, Zangilan
Cuautepec
Alpoyeca
Tecoanapa
Acatepec
Metlatónoc
Xalpatlahuac
Cuetzala del Progreso
Xochihuehuetlan
José Joaquín de Herrera
Ajuchitlán del Progreso
Teloloapan
Taxco de Alarcón
Marquelia
Tepecoacuilco de Trujano
Juan R. Escudero
Olinalá
Iguala de la Independencia
Cutzamala de Pinzón
Huamuxtitlán
San Luis Acatlán
Tlapa de Comonfort
Mochitlán
Atlamajalcingo del Monte
Copala
Tetipac
Tlalchapa
Ahuacuotzingo
Chilapa de Álvarez
Tecpán de Galeana
Provo
Tulantepec de Lugo Guerrero
Tlacoachistlahuaca
Arcelia
Atenango del Río
Chilpancingo de los Bravo
Acapulco
Tixtla de Guerrero
Muttur
Cochoapa el Grande
Tlacoapa
Pilcaya
Azoyú
Tlalixtaquilla
Vakarai
Malinaltepec
General Canuto A. Neri
San Miguel Totolapan
Copalillo
Atoyac de Álvarez
Coyuca de Benítez
Copanatoyac
Apaxtla
Coyuca de Catalán
Zapotitlán Tablas
Seyidlər, Zardab
Ometepec
Igualapa
Santiago
Seyidlər, Zardab
Iliatenco
Puthukkudiyiruppu
Alcozauca de Guerrero
Pungarabato
Buenavista de Cuéllar
Ayutla de los Libres
Atlixtac
Juchitán
Cualac
Zitlala
General Heliodoro Castillo
Tlapehuala
Florencio Villarreal
Quechultenango
Mala'e
Aegae
Agrafa
Drążeń
Sylt
Michalinów
Gesang
Ounianga Kébir
Aleksandrów
Petrich
Michalinów
Kojetice
Brzezie
Department of Municipal Affairs
Brzezie
Ludwigsdorf
Drake
Sutahata
Boalia
Snežnik
Mongkol Borei
Luni
New Quay
Washington Historic District
Phnom Srok
Fort Devens, Massachusetts
Namhkam
Klenak
Vilamar
Preah Netr Preah
Villaverde
Las Montañas
Koko
Boal
Murias
Castrillón
Ngân Sơn
N’Guessankro
Offa
Laviana
Navarro
Anno
Prado
Bongo
Nébo
Castañedo
Bulnes
Pogo
Boron
Poo
Faraba
Vina
Orzechowo
Kilchberg
Santa
Bodo
Eboué
Agüera
Bergame
N’Guessankro
Nafana
Papara
Krong Kep
Guézon
Carballo
Lamékaha
Diangobo
Diangobo
Kohali
Courts
Las Arenas
El Valle
San Emeterio
Castañedo
Cuero
Avilés
Ronda
Para
Zagoué
Ananguié
Corias
Lolobo
Nafana
Koko
Kato
Lamékaha
Soba
San Julián
Černovice
Entreviñas
Amieva
Rio Pequeno
Entreviñas
Bodo
Leitariegos
Yala
Cangas del Narcea
Massala
Angoda
Ahougnanssou
Gabia
Cangas de Onís
Vigaña
Ton
San Bartolomé
Santolaya
Santa
Illano
Quintana
Mian
Piñera
Besullo
Niamana
Gabia
San Román
Noé
Linares
Coto
Guézon
Aces
Dąbrowa
Koulikoro
Ambres
San Emiliano
Bisuyu
Thanh Tùng
Lolobo
Miranda
Ananguié
Solís
Ambás
Záchlumí
Gallegos
Bayas
Piñera
La Mata
La Mesa
Figueras
Oviñana
Disraeli, Quebec
Manzaneda
Santa Eulalia
Barres
Illas
Nembro
San Esteban
Peñaflor
Riaño
Tol
Mifi
El Fresno
Nueva
Santa Cruz
Podes
Castañedo
Navia
Villa
Las Vegas
Sales
Coalla
Laviana
Salinas
Noreña
Coaña
Degaña
Pereda
Santa Rosa
Naves
Labra
Grandas
Topa
Grado
Villanueva
Santa María del Mar
Noun
Piñera
Carrió
Castropol
Las Villas
Bayo
Barro
Cudillero
Novosedly
Barros
Cartavio
Los Campos
Ambás
San Clemente
Faedo
Ballota
Sena
San Sebastián
Porrúa
El Condado
Askania-Nova
Trones
Vigaña
Celles
Piñera
Trabada
Turón
Cardo
La Isla
Disraeli, Quebec
Los Cotos
La Riera
Villoria
Lada
Lue
Muros de Nalón
Colunga
El Valle
Craig, Butte County, California
Studenec
Buenos Aires
Meme
Nhã Nam
Bui
Phú Nhuận
San Gerónimo
Boyo
Fako
Damba
San Pelino
Pianola
An Châu
Manyu
Pankow
Mitte
Angered
Moungo
Momo
Spandau
Fors
Lichtenberg
General Zuazua
Baker Village
Reinickendorf
Phước Long
Ätran
Green Island Hills
Tuek Phos
Clubview Heights
Fornis, California
Himle
Wouri
Neukölln
Böle
MidTown
Faro
Kernville, California
Abay
Namkhana
Bailén
Amos
Vijaydurg
Gora, Orekhovo-Zuyevsky District, Moscow Oblast
Indianola, California
Ruppertskirchen
Týniště
Charming
St. Gallen
Nurobod District
Canebrake, California
Szalonna
Warren, California
Soda Springs, Mendocino County, California
Prastio
Prastio
Kalo Chorio
Soda Springs, Mendocino County, California
Warren, California
Ansariye
Alpine, California
Coso, California
Cucamonga, California
Point Reyes, California
Ayios Andronikos
Madeline, California
Agios Epifanios
Fakaofo
Choirokoitia
Agios Ioannis
Riverton Historic District
Akrotiri
Carrão
Fort
Všestary
Loket
Radějovice
Chleby
Želenice
Hvozdnice
Čejkovice
Chrášťany
Krupá
Písková Lhota
Všechlapy
Stradonice
Nučice
Čistá
Lhota
Rataje
Zájezd
Všechlapy
Stašov
Tupadly
Nové Dvory
Jiřice
Jivina
Pertoltice
Krchleby
Borovnice
Velenice
Tursko
Lipník
Vinařice
Tuhaň
Lhotka
Chleby
Hřebeč
Krakovany
Osov
Vinařice
Hradčany
Žďár
Slatina
Maršovice
Vysoká
Ostrov
Běleč
Hředle
Ždánice
Radošovice
Dolní Krupá
Kamenný Most
Bratčice
Trnová
Kněževes
Hrubý Jeseník
Kozmice
Vidice
Hrušov
Jankov
Ledce
Veliš
Vrbice
Mnichovice
Svárov
Drozdov
Křenek
Jivina
Suchdol
Tomice
Chlum
Mukařov
Dolany
Žilina
Kněžice
Hradištko
Třebešice
Milčice
Rohozec
Němčice
Starkoč
Krchleby
Loukov
Ovčáry
Sudoměř
Javorník
Ledce
Lhotky
Líšnice
Polepy
Chrást
Svatá
Chrášťany
Kanina
Kladruby
Ctiboř
Vojkovice
Dvory
Bukovany
Bratronice
Chrášťany
Klučov
Nová Ves
Vysoký Újezd
Kamenice
Kyšice
Bělušice
Březová
Dřínov
Svojšice
Skorkov
Slapy
Církvice
Staňkovice
Kaliště
Málkov
Červený Újezd
Bradlec
Všetaty
Radim
Křenice
Církvice
Lety
Dřínov
Vysoký Újezd
Nučice
Strážiště
Sukorady
Loděnice
Stránka
Bzová
Dobříč
Pavlovice
Skuhrov
Újezd
Tehov
Struhařov
Dlouhá Lhota
Holubice
Chaloupky
Parsabad
Kněžičky
Lhota
Vinařice
Zahořany
Buš
Němčice
Tetín
Tehov
Tupadly
Kobylnice
Jesenice
Kluky
Březina
Smilovice
Uhy
Rašovice
Vestec
Vráž
Hrdlořezy
Zvole
Miřetice
Lešany
Konětopy
Koryta
Pohoří
Kouty
Hradištko
Třebešice
Bojanovice
Újezdec
Tuřany
Čakov
Radonice
Chlístov
Sezemice
Cvrčovice
Hostouň
Olovnice
Lhotka
Horky
Hvozdec
Nesvačily
Kozojedy
Vranov
Dobšice
Kluky
Šestajovice
Struhařov
Nový Dvůr
Vracovice
Petrov
Železná
Netřebice
Sedlec
Bernartice
Veliká Ves
Chroustov
Všestudy
Hradiště
Olešná
Podmoky
Hořany
Olbramovice
Únětice
Kly
Vavřinec
Červený Újezd
Ostrá
Vestec
Dolany
Březno
Košice
Choteč
Petříkov
Osek
Bludov
Kobylnice
Volenice
Křižovatka
Sedlice
Petrovice
Přepeře
Podlesí
Radětice
Kozly
Těšovice
Bohatice
Nová Ves
Žernov
Městečko
Poustka
Smržov
Roztoky
Stará Ves
Chlístov
Hvozd
Čestice
Pila
Drásov
Trnávka
Slaná
Písek
Bukvice
Kounov
Ruda
Petřvald
Dolany
Dobřany
Nepomuk
Jindřichovice
Bítov
Stará Voda
Petrovičky
Zlatá Olešnice
Jenišovice
Borek
Lhotka
Jesenice
Vlkov
Bohdašín
Jindřichov
Josefov
Záhoří
Studnice
Trstěnice
Radvanice
Nová Ves
Černíkovice
Jestřebí
Stanovice
Vlkovice
Voděrady
Dvorce
Lomnice
Vysoká Pec
Šanov
Rohoznice
Krupá
Vrbice
Příčina
Arnavutköy
Teplička
Křešín
Krakov
Kravaře
Petrovice
Králova Lhota
Židovice
Ždírec
Chotovice
Březina
Nahořany
Vrbice
Beringovsky
Pohoří
Pěnčín
Rybníky
Háje
Svojšice
Kněževes
Vojkovice
Vlastiboř
Žďár
Svor
Dubno
Kostelec
Břežany
Krušovice
Vranovice
Sádek
Okrouhlá
Okna
Březová
Černčice
Jesenice
Zahrádky
Bílov
Výrava
Bukovice
Hlinka
Borová
Velenice
Račice
Hředle
Tachov
Borotice
Bohuslavice
Mustahīl
Petrovice
Bukovany
Šestajovice
Kezhemsky
Chodov
Radim
Dlouhá Lhota
Jasenná
Kounov
Libel
Olešnice
Okrouhlá
Počaply
Chrást
Lichnov
Kovač
Bukovany
Bystřice
Maršovice
Přepychy
Kozojedy
Tuhaň
Lomnice
Borovnice
Lukavice
Radčice
Dalovice
Přibyslav
Markvartice
Bělá
Otovice
Olešnice
Vysoká
Tuřany
Smilovice
Stará Voda
Chvalkovice
Veselá
Vítkovice
Dubenec
Senec
Mostek
Krchleby
Bezděz
Janov
Vestec
Láz
Bohutín
Mnichov
Županovice
Chrášťany
Rovná
Skuhrov
Heřmanice
Valeč
Hracholusky
Višňová
Karlova Ves
Dalešice
Vysoký Újezd
Otovice
Jestřebí
Čistá
Bystré
Krásná
Abyei
Ryžoviště
Janov
Podhradí
Kozojedy
Ohrazenice
Všetaty
Svatava
Podhradí
Sněžné
Vrbice
Chlum
Luka
Staré Sedlo
Tetín
Milešov
Svídnice
Ostrov
Kaceřov
Veliš
Hájek
Sedliště
Petrovice
Kyje
Lipová
Malinová
Karlovice
Svatý Jan
Ostružno
Jiříkov
Valy
Chuchelna
Švihov
Val
Sukorady
Merklín
Skalice
Hvožďany
Hory
Holovousy
Nové Dvory
Tucuruvi
Mandaqui
Fort York
Zlatá Olešnice
Vila Leopoldina
República
Saúde
Leesville
Vila Sônia
Arganza
Cambuci
Jaguaré
Santa Cecília
Tremembé
Jaguara
Itaim Bibi
Vila Guilherme
Vila Medeiros
Jardim Paulista
Barra Funda
Raposo Tavares
Natashquan, Quebec
Alto de Pinheiros
Saint Andrew North East
Buenavista High School
Tinos
Heres
Andros
Přepeře
Saint Andrew South East
Josefův Důl
Lower Gwelo
Oakland Park
Baileys Harbor, Wisconsin
Saint Andrew North West
Saint-Alexis, Quebec
Laksevåg
Arna
Pine Hill
Årstad
Tiana
L'Épiphanie, Quebec
Saint-Alexis, Quebec
Åsane
Canas
Mirna
Moema
Lajeado
Iguatemi
Simonds Parish, New Brunswick
Playa
Jardim Ângela
Santa Cruz das Flores
Ançã
Fanar
Langlade, Wisconsin
Hermanni
Saint Patrick East
Partido
Cuarto
Segundo
Quinto
Primero
Sabanetas
Real
Cerrillos
Black River
Capitanejo
Sexto
San Patricio
Tercero
Velim
Greenville, Wisconsin
Marke
Taldy-Bulak
Seeland
Kara-Bulak
Anak
Interlaken-Oberhasli
Andalucia
Biel/Bienne
Frutigen-Niedersimmental
Lužnice
Hurden
El Carmen
Santa Rosa
Villa Unión
El Espinillo
Santa Rosa
San Pedro
Selva
Bandera
Veinticinco de Mayo
Tama
Santa Ana
San Pedro
Santa Rosa
Santa Catalina
Santa Clara
Santa Ana
Gornja Slatina
Donja Slatina
Donja Toponica
Donja Trnava
Gornja Toponica
Gornja Trnava
Donja Bela Reka
Donji Zovik
Gornja Bela Reka
Jablanica
Midway, White County, Arkansas
Donja Bioča
Lukovo
Fairview, Randolph County, West Virginia
Fairview, Randolph County, West Virginia
Gornja Bioča
Midway, White County, Arkansas
Gornja Bioča
Gornji Zovik
Donja Bioča
Phú Xuân
Thuận Hóa
Dobra
South Coast
Donji Dubovik
Gornja Bela Reka
Gornja Slatina
Batkovići
Batkovići
Donja Bela Reka
Donji Zovik
Donja Slatina
Lastovo
Donji Lukavac
Gornji Gradac
Gornji Zovik
Donji Gradac
Gornji Lukavac
Sachalin
Donji Gradac
Gornji Gradac
Ruanda
Sabanetas
Donji Dubovik
Batkovići
Donji Lukavac
Gornji Lukavac
São Rafael
José Bonifácio
São Lucas
Ahougnansou
Vila Curuçá
Itaquera
Corinth
Larisa
Aigleville
Achilleion
Nikolaos Skoufas
Pavlos Melas
Amari
Aristotelis
Volvi
Nestos
Paionia
Saasen
Erymanthos
Rigas Feraios
Água Rasa
Pineios
Evrotas
Ilida
Tempi
Lake Plastiras
Anhanguera
Voio
Lokroi
Lerna
Lahn
Forest
Magnolia, Massachusetts
Leon, Wisconsin
El Gordo
Toril
Talamanca
Torremocha
Collado
Mieza
Davydky
Khodaky
Ligi
Beit Lahia
Chácara
